年,出番順,コンビ名,合計得点,偏差値,合計得点_7人換算,平均点,出場組数,審査員人数,大会平均,大会平均_7人換算,審査員得点_大会平均,きよし,青島,小朝,石井,鴻上,松本,紳助,談志,カウス,洋七,大竹,南原,渡辺,巨人,上沼,東国原,宮迫,哲夫,佐藤,石田,富澤,徳井,吉田,岩尾,増田,礼二,大吉,塙,志らく,邦子,ともこ,きよし_平均,青島_平均,小朝_平均,石井_平均,鴻上_平均,松本_平均,紳助_平均,談志_平均,カウス_平均,洋七_平均,大竹_平均,南原_平均,渡辺_平均,巨人_平均,上沼_平均,東国原_平均,宮迫_平均,哲夫_平均,佐藤_平均,石田_平均,富澤_平均,徳井_平均,吉田_平均,岩尾_平均,増田_平均,礼二_平均,大吉_平均,塙_平均,志らく_平均,邦子_平均,ともこ_平均,きよし_偏差値,青島_偏差値,小朝_偏差値,石井_偏差値,鴻上_偏差値,松本_偏差値,紳助_偏差値,談志_偏差値,カウス_偏差値,洋七_偏差値,大竹_偏差値,南原_偏差値,渡辺_偏差値,巨人_偏差値,上沼_偏差値,東国原_偏差値,宮迫_偏差値,哲夫_偏差値,佐藤_偏差値,石田_偏差値,富澤_偏差値,徳井_偏差値,吉田_偏差値,岩尾_偏差値,増田_偏差値,礼二_偏差値,大吉_偏差値,塙_偏差値,志らく_偏差値,邦子_偏差値,ともこ_偏差値
2001,1,中川家,596,66.17,596.0,85.14,10,7,541.1,541.1,77.3,91.0,90.0,90.0,90.0,85.0,70.0,80.0,,,,,,,,,,,,,,,,,,,,,,,,,86.5,81.5,75.0,84.2,81.8,62.5,69.6,,,,,,,,,,,,,,,,,,,,,,,,,55.95,65.45,70.23,57.84,57.96,60.0,61.65,,,,,,,,,,,,,,,,,,,,,,,,
2001,2,フットボールアワー,535,48.2,535.0,76.43,10,7,541.1,541.1,77.3,90.0,80.0,80.0,82.0,82.0,55.0,66.0,,,,,,,,,,,,,,,,,,,,,,,,,86.5,81.5,75.0,84.2,81.8,62.5,69.6,,,,,,,,,,,,,,,,,,,,,,,,,54.63,47.27,56.74,47.03,50.5,40.0,45.97,,,,,,,,,,,,,,,,,,,,,,,,
2001,3,チュートリアル,483,32.89,483.0,69.0,10,7,541.1,541.1,77.3,80.0,75.0,75.0,68.0,75.0,50.0,60.0,,,,,,,,,,,,,,,,,,,,,,,,,86.5,81.5,75.0,84.2,81.8,62.5,69.6,,,,,,,,,,,,,,,,,,,,,,,,,41.41,38.18,50.0,28.11,33.08,33.33,39.24,,,,,,,,,,,,,,,,,,,,,,,,
2001,4,アメリカザリガニ,568,57.92,568.0,81.14,10,7,541.1,541.1,77.3,88.0,85.0,80.0,92.0,84.0,65.0,74.0,,,,,,,,,,,,,,,,,,,,,,,,,86.5,81.5,75.0,84.2,81.8,62.5,69.6,,,,,,,,,,,,,,,,,,,,,,,,,51.98,56.36,56.74,60.54,55.47,53.33,54.93,,,,,,,,,,,,,,,,,,,,,,,,
2001,5,おぎやはぎ,497,37.01,497.0,71.0,10,7,541.1,541.1,77.3,77.0,80.0,75.0,82.0,73.0,60.0,50.0,,,,,,,,,,,,,,,,,,,,,,,,,86.5,81.5,75.0,84.2,81.8,62.5,69.6,,,,,,,,,,,,,,,,,,,,,,,,,37.44,47.27,50.0,47.03,28.11,46.67,28.04,,,,,,,,,,,,,,,,,,,,,,,,
2001,6,キングコング,528,46.14,528.0,75.43,10,7,541.1,541.1,77.3,95.0,75.0,70.0,76.0,83.0,55.0,74.0,,,,,,,,,,,,,,,,,,,,,,,,,86.5,81.5,75.0,84.2,81.8,62.5,69.6,,,,,,,,,,,,,,,,,,,,,,,,,61.23,38.18,43.26,38.92,52.99,40.0,54.93,,,,,,,,,,,,,,,,,,,,,,,,
2001,7,麒麟,542,50.27,542.0,77.43,10,7,541.1,541.1,77.3,79.0,75.0,65.0,90.0,83.0,75.0,75.0,,,,,,,,,,,,,,,,,,,,,,,,,86.5,81.5,75.0,84.2,81.8,62.5,69.6,,,,,,,,,,,,,,,,,,,,,,,,,40.09,38.18,36.52,57.84,52.99,66.67,56.05,,,,,,,,,,,,,,,,,,,,,,,,
2001,8,ますだおかだ,575,59.98,575.0,82.14,10,7,541.1,541.1,77.3,95.0,80.0,80.0,88.0,84.0,70.0,78.0,,,,,,,,,,,,,,,,,,,,,,,,,86.5,81.5,75.0,84.2,81.8,62.5,69.6,,,,,,,,,,,,,,,,,,,,,,,,,61.23,47.27,56.74,55.14,55.47,60.0,59.41,,,,,,,,,,,,,,,,,,,,,,,,
2001,9,DonDokoDon,520,43.79,520.0,74.29,10,7,541.1,541.1,77.3,75.0,85.0,65.0,82.0,84.0,65.0,64.0,,,,,,,,,,,,,,,,,,,,,,,,,86.5,81.5,75.0,84.2,81.8,62.5,69.6,,,,,,,,,,,,,,,,,,,,,,,,,34.8,56.36,36.52,47.03,55.47,53.33,43.72,,,,,,,,,,,,,,,,,,,,,,,,
2001,10,ハリガネロック,567,57.63,567.0,81.0,10,7,541.1,541.1,77.3,95.0,90.0,70.0,92.0,85.0,60.0,75.0,,,,,,,,,,,,,,,,,,,,,,,,,86.5,81.5,75.0,84.2,81.8,62.5,69.6,,,,,,,,,,,,,,,,,,,,,,,,,61.23,65.45,43.26,60.54,57.96,46.67,56.05,,,,,,,,,,,,,,,,,,,,,,,,
2002,1,ハリガネロック,545,45.46,545.0,77.86,9,7,559.89,559.89,79.98,,,,81.0,,65.0,75.0,70.0,85.0,86.0,83.0,,,,,,,,,,,,,,,,,,,,,,,,83.66666666666667,,71.11111111111111,80.0,70.0,87.11111111111111,86.0,82.0,,,,,,,,,,,,,,,,,,,,,,,,45.13,,43.01,42.12,50.0,45.97,50.0,51.88,,,,,,,,,,,,,,,,,,,,
2002,2,ますだおかだ,612,65.9,612.0,87.43,9,7,559.89,559.89,79.98,,,,90.0,,70.0,89.0,80.0,95.0,96.0,92.0,,,,,,,,,,,,,,,,,,,,,,,,83.66666666666667,,71.11111111111111,80.0,70.0,87.11111111111111,86.0,82.0,,,,,,,,,,,,,,,,,,,,,,,,61.56,,48.73,64.19,62.25,65.06,68.9,68.75,,,,,,,,,,,,,,,,,,,,
2002,3,ダイノジ,534,42.1,534.0,76.29,9,7,559.89,559.89,79.98,,,,78.0,,60.0,83.0,70.0,84.0,81.0,78.0,,,,,,,,,,,,,,,,,,,,,,,,83.66666666666667,,71.11111111111111,80.0,70.0,87.11111111111111,86.0,82.0,,,,,,,,,,,,,,,,,,,,,,,,39.65,,37.3,54.73,50.0,44.06,40.55,42.5,,,,,,,,,,,,,,,,,,,,
2002,4,テツandトモ,539,43.63,539.0,77.0,9,7,559.89,559.89,79.98,,,,82.0,,65.0,76.0,70.0,90.0,79.0,77.0,,,,,,,,,,,,,,,,,,,,,,,,83.66666666666667,,71.11111111111111,80.0,70.0,87.11111111111111,86.0,82.0,,,,,,,,,,,,,,,,,,,,,,,,46.96,,43.01,43.69,50.0,55.52,36.77,40.63,,,,,,,,,,,,,,,,,,,,
2002,5,フットボールアワー,621,68.65,621.0,88.71,9,7,559.89,559.89,79.98,,,,95.0,,85.0,89.0,70.0,97.0,94.0,91.0,,,,,,,,,,,,,,,,,,,,,,,,83.66666666666667,,71.11111111111111,80.0,70.0,87.11111111111111,86.0,82.0,,,,,,,,,,,,,,,,,,,,,,,,70.69,,65.88,64.19,50.0,68.88,65.12,66.88,,,,,,,,,,,,,,,,,,,,
2002,6,笑い飯,567,52.17,567.0,81.0,9,7,559.89,559.89,79.98,,,,84.0,,80.0,86.0,70.0,83.0,84.0,80.0,,,,,,,,,,,,,,,,,,,,,,,,83.66666666666667,,71.11111111111111,80.0,70.0,87.11111111111111,86.0,82.0,,,,,,,,,,,,,,,,,,,,,,,,50.61,,60.16,59.46,50.0,42.15,46.22,46.25,,,,,,,,,,,,,,,,,,,,
2002,7,おぎやはぎ,561,50.34,561.0,80.14,9,7,559.89,559.89,79.98,,,,79.0,,80.0,76.0,80.0,82.0,85.0,79.0,,,,,,,,,,,,,,,,,,,,,,,,83.66666666666667,,71.11111111111111,80.0,70.0,87.11111111111111,86.0,82.0,,,,,,,,,,,,,,,,,,,,,,,,41.48,,60.16,43.69,62.25,40.24,48.11,44.38,,,,,,,,,,,,,,,,,,,,
2002,8,アメリカザリガニ,525,39.35,525.0,75.0,9,7,559.89,559.89,79.98,,,,78.0,,60.0,73.0,70.0,83.0,83.0,78.0,,,,,,,,,,,,,,,,,,,,,,,,83.66666666666667,,71.11111111111111,80.0,70.0,87.11111111111111,86.0,82.0,,,,,,,,,,,,,,,,,,,,,,,,39.65,,37.3,38.96,50.0,42.15,44.33,42.5,,,,,,,,,,,,,,,,,,,,
2002,9,スピードワゴン,535,42.41,535.0,76.43,9,7,559.89,559.89,79.98,,,,86.0,,75.0,73.0,50.0,85.0,86.0,80.0,,,,,,,,,,,,,,,,,,,,,,,,83.66666666666667,,71.11111111111111,80.0,70.0,87.11111111111111,86.0,82.0,,,,,,,,,,,,,,,,,,,,,,,,54.26,,54.45,38.96,25.51,45.97,50.0,46.25,,,,,,,,,,,,,,,,,,,,
2003,1,千鳥,552,38.18,552.0,78.86,9,7,598.44,598.44,85.49,,,,84.0,,70.0,82.0,,80.0,75.0,79.0,82.0,,,,,,,,,,,,,,,,,,,,,,,86.77777777777777,,81.11111111111111,89.0,,85.66666666666667,89.33333333333333,82.66666666666667,83.88888888888889,,,,,,,,,,,,,,,,,,,,,,,44.45,,38.25,39.02,,40.96,28.23,42.75,45.48,,,,,,,,,,,,,,,,,,,
2003,2,麒麟,554,38.69,554.0,79.14,9,7,598.44,598.44,85.49,,,,78.0,,75.0,84.0,,82.0,84.0,75.0,76.0,,,,,,,,,,,,,,,,,,,,,,,86.77777777777777,,81.11111111111111,89.0,,85.66666666666667,89.33333333333333,82.66666666666667,83.88888888888889,,,,,,,,,,,,,,,,,,,,,,,32.47,,43.54,42.16,,44.15,41.9,34.83,31.11,,,,,,,,,,,,,,,,,,,
2003,3,スピードワゴン,572,43.27,572.0,81.71,9,7,598.44,598.44,85.49,,,,86.0,,74.0,85.0,,79.0,85.0,82.0,81.0,,,,,,,,,,,,,,,,,,,,,,,86.77777777777777,,81.11111111111111,89.0,,85.66666666666667,89.33333333333333,82.66666666666667,83.88888888888889,,,,,,,,,,,,,,,,,,,,,,,48.45,,42.48,43.73,,39.37,43.42,48.68,43.08,,,,,,,,,,,,,,,,,,,
2003,4,笑い飯,656,64.64,656.0,93.71,9,7,598.44,598.44,85.49,,,,92.0,,95.0,99.0,,95.0,95.0,90.0,90.0,,,,,,,,,,,,,,,,,,,,,,,86.77777777777777,,81.11111111111111,89.0,,85.66666666666667,89.33333333333333,82.66666666666667,83.88888888888889,,,,,,,,,,,,,,,,,,,,,,,60.43,,64.69,65.68,,64.88,58.61,64.51,64.64,,,,,,,,,,,,,,,,,,,
2003,5,2丁拳銃,608,52.43,608.0,86.86,9,7,598.44,598.44,85.49,,,,86.0,,80.0,91.0,,86.0,95.0,83.0,87.0,,,,,,,,,,,,,,,,,,,,,,,86.77777777777777,,81.11111111111111,89.0,,85.66666666666667,89.33333333333333,82.66666666666667,83.88888888888889,,,,,,,,,,,,,,,,,,,,,,,48.45,,48.83,53.14,,50.53,58.61,50.66,57.45,,,,,,,,,,,,,,,,,,,
2003,6,アメリカザリガニ,564,41.24,564.0,80.57,9,7,598.44,598.44,85.49,,,,83.0,,70.0,80.0,,81.0,90.0,76.0,84.0,,,,,,,,,,,,,,,,,,,,,,,86.77777777777777,,81.11111111111111,89.0,,85.66666666666667,89.33333333333333,82.66666666666667,83.88888888888889,,,,,,,,,,,,,,,,,,,,,,,42.45,,38.25,35.89,,42.56,51.01,36.81,50.27,,,,,,,,,,,,,,,,,,,
2003,7,フットボールアワー,663,66.42,663.0,94.71,9,7,598.44,598.44,85.49,,,,95.0,,97.0,98.0,,98.0,97.0,89.0,89.0,,,,,,,,,,,,,,,,,,,,,,,86.77777777777777,,81.11111111111111,89.0,,85.66666666666667,89.33333333333333,82.66666666666667,83.88888888888889,,,,,,,,,,,,,,,,,,,,,,,66.42,,66.8,64.11,,69.67,61.65,62.53,62.24,,,,,,,,,,,,,,,,,,,
2003,8,りあるキッズ,601,50.65,601.0,85.86,9,7,598.44,598.44,85.49,,,,85.0,,85.0,90.0,,84.0,93.0,83.0,81.0,,,,,,,,,,,,,,,,,,,,,,,86.77777777777777,,81.11111111111111,89.0,,85.66666666666667,89.33333333333333,82.66666666666667,83.88888888888889,,,,,,,,,,,,,,,,,,,,,,,46.45,,54.11,51.57,,47.34,55.57,50.66,43.08,,,,,,,,,,,,,,,,,,,
2003,9,アンタッチャブル,616,54.47,616.0,88.0,9,7,598.44,598.44,85.49,,,,92.0,,84.0,92.0,,86.0,90.0,87.0,85.0,,,,,,,,,,,,,,,,,,,,,,,86.77777777777777,,81.11111111111111,89.0,,85.66666666666667,89.33333333333333,82.66666666666667,83.88888888888889,,,,,,,,,,,,,,,,,,,,,,,60.43,,53.05,54.7,,50.53,51.01,58.57,52.66,,,,,,,,,,,,,,,,,,,
2004,1,千鳥,582,38.6,582.0,83.14,9,7,614.56,614.56,87.79,83.0,,82.0,82.0,,,,,93.0,78.0,81.0,83.0,,,,,,,,,,,,,,,,,,,,86.44444444444444,,87.11111111111111,89.66666666666667,,,,,93.0,87.66666666666667,83.66666666666667,87.0,,,,,,,,,,,,,,,,,,,,42.87,,35.82,31.22,,,,,50.0,33.79,45.0,41.29,,,,,,,,,,,,,,,,,,,
2004,2,タカアンドトシ,615,50.16,615.0,87.86,9,7,614.56,614.56,87.79,86.0,,85.0,90.0,,,,,95.0,91.0,82.0,86.0,,,,,,,,,,,,,,,,,,,,86.44444444444444,,87.11111111111111,89.66666666666667,,,,,93.0,87.66666666666667,83.66666666666667,87.0,,,,,,,,,,,,,,,,,,,,49.08,,44.14,50.82,,,,,56.55,55.59,46.87,47.82,,,,,,,,,,,,,,,,,,,
2004,3,東京ダイナマイト,583,38.95,583.0,83.29,9,7,614.56,614.56,87.79,82.0,,87.0,86.0,,,,,89.0,83.0,76.0,80.0,,,,,,,,,,,,,,,,,,,,86.44444444444444,,87.11111111111111,89.66666666666667,,,,,93.0,87.66666666666667,83.66666666666667,87.0,,,,,,,,,,,,,,,,,,,,40.8,,49.69,41.02,,,,,36.91,42.17,35.62,34.76,,,,,,,,,,,,,,,,,,,
2004,4,トータルテンボス,587,40.35,587.0,83.86,9,7,614.56,614.56,87.79,80.0,,84.0,88.0,,,,,88.0,84.0,79.0,84.0,,,,,,,,,,,,,,,,,,,,86.44444444444444,,87.11111111111111,89.66666666666667,,,,,93.0,87.66666666666667,83.66666666666667,87.0,,,,,,,,,,,,,,,,,,,,36.67,,41.37,45.92,,,,,33.63,43.85,41.25,43.47,,,,,,,,,,,,,,,,,,,
2004,5,南海キャンディーズ,639,58.56,639.0,91.29,9,7,614.56,614.56,87.79,90.0,,90.0,95.0,,,,,94.0,92.0,86.0,92.0,,,,,,,,,,,,,,,,,,,,86.44444444444444,,87.11111111111111,89.66666666666667,,,,,93.0,87.66666666666667,83.66666666666667,87.0,,,,,,,,,,,,,,,,,,,,57.36,,58.02,63.06,,,,,53.27,57.27,54.37,60.88,,,,,,,,,,,,,,,,,,,
2004,6,POISON GIRL BAND,603,45.95,603.0,86.14,9,7,614.56,614.56,87.79,87.0,,88.0,89.0,,,,,90.0,81.0,83.0,85.0,,,,,,,,,,,,,,,,,,,,86.44444444444444,,87.11111111111111,89.66666666666667,,,,,93.0,87.66666666666667,83.66666666666667,87.0,,,,,,,,,,,,,,,,,,,,51.15,,52.47,48.37,,,,,40.18,38.82,48.75,45.65,,,,,,,,,,,,,,,,,,,
2004,7,笑い飯,615,50.16,615.0,87.86,9,7,614.56,614.56,87.79,84.0,,85.0,89.0,,,,,95.0,91.0,82.0,89.0,,,,,,,,,,,,,,,,,,,,86.44444444444444,,87.11111111111111,89.66666666666667,,,,,93.0,87.66666666666667,83.66666666666667,87.0,,,,,,,,,,,,,,,,,,,,44.94,,44.14,48.37,,,,,56.55,55.59,46.87,54.35,,,,,,,,,,,,,,,,,,,
2004,8,アンタッチャブル,673,70.46,673.0,96.14,9,7,614.56,614.56,87.79,97.0,,95.0,96.0,,,,,97.0,97.0,95.0,96.0,,,,,,,,,,,,,,,,,,,,86.44444444444444,,87.11111111111111,89.66666666666667,,,,,93.0,87.66666666666667,83.66666666666667,87.0,,,,,,,,,,,,,,,,,,,,71.84,,71.89,65.51,,,,,63.09,65.65,71.25,69.59,,,,,,,,,,,,,,,,,,,
2004,9,麒麟,634,56.81,634.0,90.57,9,7,614.56,614.56,87.79,89.0,,88.0,92.0,,,,,96.0,92.0,89.0,88.0,,,,,,,,,,,,,,,,,,,,86.44444444444444,,87.11111111111111,89.66666666666667,,,,,93.0,87.66666666666667,83.66666666666667,87.0,,,,,,,,,,,,,,,,,,,,55.29,,52.47,55.72,,,,,59.82,57.27,60.0,52.18,,,,,,,,,,,,,,,,,,,
2005,1,笑い飯,633,56.71,633.0,90.43,9,7,608.89,608.89,86.98,,,,92.0,,95.0,85.0,,95.0,91.0,85.0,,90.0,,,,,,,,,,,,,,,,,,,,,,89.66666666666667,,85.0,82.55555555555556,,91.88888888888889,87.88888888888889,85.44444444444444,,86.44444444444444,,,,,,,,,,,,,,,,,,,,,,54.81,,60.61,53.6,,59.48,55.03,48.82,,57.69,,,,,,,,,,,,,,,,,,
2005,2,アジアン,564,37.51,564.0,80.57,9,7,608.89,608.89,86.98,,,,86.0,,70.0,75.0,,90.0,81.0,82.0,,80.0,,,,,,,,,,,,,,,,,,,,,,89.66666666666667,,85.0,82.55555555555556,,91.88888888888889,87.88888888888889,85.44444444444444,,86.44444444444444,,,,,,,,,,,,,,,,,,,,,,42.45,,34.09,38.86,,44.24,38.87,40.87,,36.06,,,,,,,,,,,,,,,,,,
2005,3,南海キャンディーズ,552,34.17,552.0,78.86,9,7,608.89,608.89,86.98,,,,80.0,,75.0,72.0,,88.0,79.0,79.0,,79.0,,,,,,,,,,,,,,,,,,,,,,89.66666666666667,,85.0,82.55555555555556,,91.88888888888889,87.88888888888889,85.44444444444444,,86.44444444444444,,,,,,,,,,,,,,,,,,,,,,30.08,,39.39,34.44,,38.15,35.64,32.93,,33.89,,,,,,,,,,,,,,,,,,
2005,4,チュートリアル,622,53.65,622.0,88.86,9,7,608.89,608.89,86.98,,,,95.0,,95.0,85.0,,91.0,86.0,84.0,,86.0,,,,,,,,,,,,,,,,,,,,,,89.66666666666667,,85.0,82.55555555555556,,91.88888888888889,87.88888888888889,85.44444444444444,,86.44444444444444,,,,,,,,,,,,,,,,,,,,,,60.99,,60.61,53.6,,47.29,46.95,46.17,,49.04,,,,,,,,,,,,,,,,,,
2005,5,ブラックマヨネーズ,659,63.94,659.0,94.14,9,7,608.89,608.89,86.98,,,,94.0,,95.0,95.0,,96.0,96.0,90.0,,93.0,,,,,,,,,,,,,,,,,,,,,,89.66666666666667,,85.0,82.55555555555556,,91.88888888888889,87.88888888888889,85.44444444444444,,86.44444444444444,,,,,,,,,,,,,,,,,,,,,,58.93,,60.61,68.34,,62.53,63.1,62.07,,64.18,,,,,,,,,,,,,,,,,,
2005,6,品川庄司,626,54.76,626.0,89.43,9,7,608.89,608.89,86.98,,,,91.0,,90.0,85.0,,89.0,95.0,89.0,,87.0,,,,,,,,,,,,,,,,,,,,,,89.66666666666667,,85.0,82.55555555555556,,91.88888888888889,87.88888888888889,85.44444444444444,,86.44444444444444,,,,,,,,,,,,,,,,,,,,,,52.75,,55.3,53.6,,41.2,61.49,59.42,,51.2,,,,,,,,,,,,,,,,,,
2005,7,タイムマシーン3号,571,39.46,571.0,81.57,9,7,608.89,608.89,86.98,,,,85.0,,75.0,76.0,,88.0,82.0,82.0,,83.0,,,,,,,,,,,,,,,,,,,,,,89.66666666666667,,85.0,82.55555555555556,,91.88888888888889,87.88888888888889,85.44444444444444,,86.44444444444444,,,,,,,,,,,,,,,,,,,,,,40.38,,39.39,40.34,,38.15,40.49,40.87,,42.55,,,,,,,,,,,,,,,,,,
2005,8,麒麟,646,60.33,646.0,92.29,9,7,608.89,608.89,86.98,,,,95.0,,90.0,88.0,,97.0,95.0,90.0,,91.0,,,,,,,,,,,,,,,,,,,,,,89.66666666666667,,85.0,82.55555555555556,,91.88888888888889,87.88888888888889,85.44444444444444,,86.44444444444444,,,,,,,,,,,,,,,,,,,,,,60.99,,55.3,58.03,,65.58,61.49,62.07,,59.86,,,,,,,,,,,,,,,,,,
2005,9,千鳥,607,49.47,607.0,86.71,9,7,608.89,608.89,86.98,,,,89.0,,80.0,82.0,,93.0,86.0,88.0,,89.0,,,,,,,,,,,,,,,,,,,,,,89.66666666666667,,85.0,82.55555555555556,,91.88888888888889,87.88888888888889,85.44444444444444,,86.44444444444444,,,,,,,,,,,,,,,,,,,,,,48.63,,44.7,49.18,,53.39,46.95,56.77,,55.53,,,,,,,,,,,,,,,,,,
2006,1,POISON GIRL BAND,570,34.58,570.0,81.43,9,7,613.56,613.56,87.65,,,,,,85.0,76.0,,85.0,81.0,83.0,85.0,75.0,,,,,,,,,,,,,,,,,,,,,,,,86.22222222222223,86.33333333333333,,91.55555555555556,89.55555555555556,85.55555555555556,89.77777777777777,84.55555555555556,,,,,,,,,,,,,,,,,,,,,,,,47.81,31.34,,32.21,30.55,42.49,36.43,31.27,,,,,,,,,,,,,,,,,,
2006,2,フットボールアワー,640,59.36,640.0,91.43,9,7,613.56,613.56,87.65,,,,,,90.0,90.0,,96.0,91.0,89.0,94.0,90.0,,,,,,,,,,,,,,,,,,,,,,,,86.22222222222223,86.33333333333333,,91.55555555555556,89.55555555555556,85.55555555555556,89.77777777777777,84.55555555555556,,,,,,,,,,,,,,,,,,,,,,,,56.75,56.62,,62.06,53.28,60.12,61.99,60.67,,,,,,,,,,,,,,,,,,
2006,3,ザ・プラン9,597,44.14,597.0,85.29,9,7,613.56,613.56,87.65,,,,,,80.0,83.0,,93.0,90.0,82.0,89.0,80.0,,,,,,,,,,,,,,,,,,,,,,,,86.22222222222223,86.33333333333333,,91.55555555555556,89.55555555555556,85.55555555555556,89.77777777777777,84.55555555555556,,,,,,,,,,,,,,,,,,,,,,,,38.88,43.98,,53.92,51.01,39.55,47.79,41.07,,,,,,,,,,,,,,,,,,
2006,4,麒麟,627,54.76,627.0,89.57,9,7,613.56,613.56,87.65,,,,,,87.0,88.0,,94.0,92.0,86.0,91.0,89.0,,,,,,,,,,,,,,,,,,,,,,,,86.22222222222223,86.33333333333333,,91.55555555555556,89.55555555555556,85.55555555555556,89.77777777777777,84.55555555555556,,,,,,,,,,,,,,,,,,,,,,,,51.39,53.01,,56.63,55.56,51.31,53.47,58.71,,,,,,,,,,,,,,,,,,
2006,5,トータルテンボス,613,49.8,613.0,87.57,9,7,613.56,613.56,87.65,,,,,,90.0,87.0,,90.0,90.0,83.0,88.0,85.0,,,,,,,,,,,,,,,,,,,,,,,,86.22222222222223,86.33333333333333,,91.55555555555556,89.55555555555556,85.55555555555556,89.77777777777777,84.55555555555556,,,,,,,,,,,,,,,,,,,,,,,,56.75,51.2,,45.78,51.01,42.49,44.95,50.87,,,,,,,,,,,,,,,,,,
2006,6,チュートリアル,664,67.86,664.0,94.86,9,7,613.56,613.56,87.65,,,,,,95.0,97.0,,97.0,98.0,92.0,95.0,90.0,,,,,,,,,,,,,,,,,,,,,,,,86.22222222222223,86.33333333333333,,91.55555555555556,89.55555555555556,85.55555555555556,89.77777777777777,84.55555555555556,,,,,,,,,,,,,,,,,,,,,,,,65.69,69.26,,64.77,69.19,68.94,64.83,60.67,,,,,,,,,,,,,,,,,,
2006,7,変ホ長調,576,36.71,576.0,82.29,9,7,613.56,613.56,87.65,,,,,,75.0,82.0,,88.0,85.0,83.0,84.0,79.0,,,,,,,,,,,,,,,,,,,,,,,,86.22222222222223,86.33333333333333,,91.55555555555556,89.55555555555556,85.55555555555556,89.77777777777777,84.55555555555556,,,,,,,,,,,,,,,,,,,,,,,,29.94,42.17,,40.35,39.65,42.49,33.59,39.11,,,,,,,,,,,,,,,,,,
2006,8,笑い飯,626,54.41,626.0,89.43,9,7,613.56,613.56,87.65,,,,,,89.0,89.0,,92.0,90.0,89.0,92.0,85.0,,,,,,,,,,,,,,,,,,,,,,,,86.22222222222223,86.33333333333333,,91.55555555555556,89.55555555555556,85.55555555555556,89.77777777777777,84.55555555555556,,,,,,,,,,,,,,,,,,,,,,,,54.97,54.82,,51.21,51.01,60.12,56.31,50.87,,,,,,,,,,,,,,,,,,
2006,9,ライセンス,609,48.39,609.0,87.0,9,7,613.56,613.56,87.65,,,,,,85.0,85.0,,89.0,89.0,83.0,90.0,88.0,,,,,,,,,,,,,,,,,,,,,,,,86.22222222222223,86.33333333333333,,91.55555555555556,89.55555555555556,85.55555555555556,89.77777777777777,84.55555555555556,,,,,,,,,,,,,,,,,,,,,,,,47.81,47.59,,43.07,48.74,42.49,50.63,56.75,,,,,,,,,,,,,,,,,,
2007,1,笑い飯,604,47.22,604.0,86.29,9,7,611.78,611.78,87.4,,,,85.0,,85.0,85.0,,92.0,,85.0,,,83.0,89.0,,,,,,,,,,,,,,,,,,,,87.33333333333333,,88.77777777777777,88.22222222222223,,87.33333333333333,,83.88888888888889,,,85.55555555555556,90.66666666666667,,,,,,,,,,,,,,,,,,,,45.88,,41.63,45.29,,60.55,,54.08,,,43.57,46.6,,,,,,,,,,,,,,,,
2007,2,POISON GIRL BAND,577,37.56,577.0,82.43,9,7,611.78,611.78,87.4,,,,82.0,,90.0,75.0,,85.0,,80.0,,,84.0,81.0,,,,,,,,,,,,,,,,,,,,87.33333333333333,,88.77777777777777,88.22222222222223,,87.33333333333333,,83.88888888888889,,,85.55555555555556,90.66666666666667,,,,,,,,,,,,,,,,,,,,40.57,,52.71,30.68,,44.72,,35.74,,,46.09,30.27,,,,,,,,,,,,,,,,
2007,3,ザブングル,597,44.71,597.0,85.29,9,7,611.78,611.78,87.4,,,,84.0,,90.0,86.0,,82.0,,84.0,,,79.0,92.0,,,,,,,,,,,,,,,,,,,,87.33333333333333,,88.77777777777777,88.22222222222223,,87.33333333333333,,83.88888888888889,,,85.55555555555556,90.66666666666667,,,,,,,,,,,,,,,,,,,,44.11,,52.71,46.75,,37.94,,50.41,,,33.51,52.72,,,,,,,,,,,,,,,,
2007,4,千鳥,580,38.63,580.0,82.86,9,7,611.78,611.78,87.4,,,,80.0,,80.0,86.0,,81.0,,81.0,,,87.0,85.0,,,,,,,,,,,,,,,,,,,,87.33333333333333,,88.77777777777777,88.22222222222223,,87.33333333333333,,83.88888888888889,,,85.55555555555556,90.66666666666667,,,,,,,,,,,,,,,,,,,,37.04,,30.56,46.75,,35.68,,39.4,,,53.63,38.43,,,,,,,,,,,,,,,,
2007,5,トータルテンボス,646,62.24,646.0,92.29,9,7,611.78,611.78,87.4,,,,95.0,,93.0,96.0,,93.0,,84.0,,,90.0,95.0,,,,,,,,,,,,,,,,,,,,87.33333333333333,,88.77777777777777,88.22222222222223,,87.33333333333333,,83.88888888888889,,,85.55555555555556,90.66666666666667,,,,,,,,,,,,,,,,,,,,63.55,,59.35,61.36,,62.81,,50.41,,,61.18,58.85,,,,,,,,,,,,,,,,
2007,6,キングコング,650,63.67,650.0,92.86,9,7,611.78,611.78,87.4,,,,95.0,,93.0,96.0,,91.0,,90.0,,,88.0,97.0,,,,,,,,,,,,,,,,,,,,87.33333333333333,,88.77777777777777,88.22222222222223,,87.33333333333333,,83.88888888888889,,,85.55555555555556,90.66666666666667,,,,,,,,,,,,,,,,,,,,63.55,,59.35,61.36,,58.29,,72.42,,,56.15,62.93,,,,,,,,,,,,,,,,
2007,7,ハリセンボン,608,48.65,608.0,86.86,9,7,611.78,611.78,87.4,,,,84.0,,88.0,86.0,,86.0,,85.0,,,86.0,93.0,,,,,,,,,,,,,,,,,,,,87.33333333333333,,88.77777777777777,88.22222222222223,,87.33333333333333,,83.88888888888889,,,85.55555555555556,90.66666666666667,,,,,,,,,,,,,,,,,,,,44.11,,48.28,46.75,,46.98,,54.08,,,51.12,54.76,,,,,,,,,,,,,,,,
2007,8,ダイアン,593,43.28,593.0,84.71,9,7,611.78,611.78,87.4,,,,86.0,,85.0,86.0,,84.0,,82.0,,,81.0,89.0,,,,,,,,,,,,,,,,,,,,87.33333333333333,,88.77777777777777,88.22222222222223,,87.33333333333333,,83.88888888888889,,,85.55555555555556,90.66666666666667,,,,,,,,,,,,,,,,,,,,47.64,,41.63,46.75,,42.46,,43.07,,,38.54,46.6,,,,,,,,,,,,,,,,
2007,9,サンドウィッチマン,651,64.03,651.0,93.0,9,7,611.78,611.78,87.4,,,,95.0,,95.0,98.0,,92.0,,84.0,,,92.0,95.0,,,,,,,,,,,,,,,,,,,,87.33333333333333,,88.77777777777777,88.22222222222223,,87.33333333333333,,83.88888888888889,,,85.55555555555556,90.66666666666667,,,,,,,,,,,,,,,,,,,,63.55,,63.78,64.29,,60.55,,50.41,,,66.21,58.85,,,,,,,,,,,,,,,,
2008,1,ダイアン,619,46.34,619.0,88.43,9,7,625.44,625.44,89.35,,,,,,85.0,89.0,,93.0,,86.0,,90.0,86.0,90.0,,,,,,,,,,,,,,,,,,,,,,87.66666666666667,90.33333333333333,,90.77777777777777,,87.88888888888889,,89.55555555555556,87.77777777777777,91.44444444444444,,,,,,,,,,,,,,,,,,,,,,44.48,44.75,,55.77,,42.06,,52.28,43.94,45.63,,,,,,,,,,,,,,,,
2008,2,笑い飯,637,56.56,637.0,91.0,9,7,625.44,625.44,89.35,,,,,,89.0,95.0,,88.0,,88.0,,91.0,91.0,95.0,,,,,,,,,,,,,,,,,,,,,,87.66666666666667,90.33333333333333,,90.77777777777777,,87.88888888888889,,89.55555555555556,87.77777777777777,91.44444444444444,,,,,,,,,,,,,,,,,,,,,,52.76,68.38,,42.79,,50.47,,57.41,60.98,60.76,,,,,,,,,,,,,,,,
2008,3,モンスターエンジン,614,43.5,614.0,87.71,9,7,625.44,625.44,89.35,,,,,,83.0,91.0,,90.0,,88.0,,88.0,89.0,85.0,,,,,,,,,,,,,,,,,,,,,,87.66666666666667,90.33333333333333,,90.77777777777777,,87.88888888888889,,89.55555555555556,87.77777777777777,91.44444444444444,,,,,,,,,,,,,,,,,,,,,,40.34,52.63,,47.98,,50.47,,42.02,54.16,30.49,,,,,,,,,,,,,,,,
2008,4,ナイツ,640,58.27,640.0,91.43,9,7,625.44,625.44,89.35,,,,,,93.0,89.0,,94.0,,89.0,,91.0,89.0,95.0,,,,,,,,,,,,,,,,,,,,,,87.66666666666667,90.33333333333333,,90.77777777777777,,87.88888888888889,,89.55555555555556,87.77777777777777,91.44444444444444,,,,,,,,,,,,,,,,,,,,,,61.04,44.75,,58.36,,54.67,,57.41,54.16,60.76,,,,,,,,,,,,,,,,
2008,5,U字工事,623,48.61,623.0,89.0,9,7,625.44,625.44,89.35,,,,,,85.0,91.0,,92.0,,88.0,,90.0,84.0,93.0,,,,,,,,,,,,,,,,,,,,,,87.66666666666667,90.33333333333333,,90.77777777777777,,87.88888888888889,,89.55555555555556,87.77777777777777,91.44444444444444,,,,,,,,,,,,,,,,,,,,,,44.48,52.63,,53.17,,50.47,,52.28,37.13,54.71,,,,,,,,,,,,,,,,
2008,6,ザ・パンチ,591,30.44,591.0,84.43,9,7,625.44,625.44,89.35,,,,,,80.0,87.0,,85.0,,83.0,,85.0,83.0,88.0,,,,,,,,,,,,,,,,,,,,,,87.66666666666667,90.33333333333333,,90.77777777777777,,87.88888888888889,,89.55555555555556,87.77777777777777,91.44444444444444,,,,,,,,,,,,,,,,,,,,,,34.13,36.87,,35.0,,29.44,,26.64,33.72,39.57,,,,,,,,,,,,,,,,
2008,7,NON STYLE,644,60.54,644.0,92.0,9,7,625.44,625.44,89.35,,,,,,93.0,94.0,,91.0,,90.0,,90.0,91.0,95.0,,,,,,,,,,,,,,,,,,,,,,87.66666666666667,90.33333333333333,,90.77777777777777,,87.88888888888889,,89.55555555555556,87.77777777777777,91.44444444444444,,,,,,,,,,,,,,,,,,,,,,61.04,64.44,,50.58,,58.88,,52.28,60.98,60.76,,,,,,,,,,,,,,,,
2008,8,キングコング,612,42.36,612.0,87.43,9,7,625.44,625.44,89.35,,,,,,86.0,88.0,,86.0,,87.0,,89.0,86.0,90.0,,,,,,,,,,,,,,,,,,,,,,87.66666666666667,90.33333333333333,,90.77777777777777,,87.88888888888889,,89.55555555555556,87.77777777777777,91.44444444444444,,,,,,,,,,,,,,,,,,,,,,46.55,40.81,,37.6,,46.26,,47.15,43.94,45.63,,,,,,,,,,,,,,,,
2008,9,オードリー,649,63.38,649.0,92.71,9,7,625.44,625.44,89.35,,,,,,95.0,89.0,,98.0,,92.0,,92.0,91.0,92.0,,,,,,,,,,,,,,,,,,,,,,87.66666666666667,90.33333333333333,,90.77777777777777,,87.88888888888889,,89.55555555555556,87.77777777777777,91.44444444444444,,,,,,,,,,,,,,,,,,,,,,65.18,44.75,,68.75,,67.29,,62.54,60.98,51.68,,,,,,,,,,,,,,,,
2009,1,ナイツ,634,52.92,634.0,90.57,9,7,627.56,627.56,89.65,,,,,,85.0,91.0,,96.0,,,,91.0,90.0,93.0,88.0,,,,,,,,,,,,,,,,,,,,,87.44444444444444,89.55555555555556,,92.77777777777777,,,,89.44444444444444,87.88888888888889,92.77777777777777,87.66666666666667,,,,,,,,,,,,,,,,,,,,,44.94,52.86,,58.07,,,,57.98,57.86,50.56,51.58,,,,,,,,,,,,,,,
2009,2,南海キャンディーズ,607,40.68,607.0,86.71,9,7,627.56,627.56,89.65,,,,,,83.0,85.0,,88.0,,,,88.0,84.0,90.0,89.0,,,,,,,,,,,,,,,,,,,,,87.44444444444444,89.55555555555556,,92.77777777777777,,,,89.44444444444444,87.88888888888889,92.77777777777777,87.66666666666667,,,,,,,,,,,,,,,,,,,,,40.8,40.99,,38.04,,,,42.59,35.52,43.0,56.32,,,,,,,,,,,,,,,
2009,3,東京ダイナマイト,614,43.86,614.0,87.71,9,7,627.56,627.56,89.65,,,,,,88.0,85.0,,90.0,,,,90.0,86.0,90.0,85.0,,,,,,,,,,,,,,,,,,,,,87.44444444444444,89.55555555555556,,92.77777777777777,,,,89.44444444444444,87.88888888888889,92.77777777777777,87.66666666666667,,,,,,,,,,,,,,,,,,,,,51.15,40.99,,43.04,,,,52.85,42.97,43.0,37.35,,,,,,,,,,,,,,,
2009,4,ハリセンボン,595,35.25,595.0,85.0,9,7,627.56,627.56,89.65,,,,,,80.0,82.0,,89.0,,,,85.0,85.0,87.0,87.0,,,,,,,,,,,,,,,,,,,,,87.44444444444444,89.55555555555556,,92.77777777777777,,,,89.44444444444444,87.88888888888889,92.77777777777777,87.66666666666667,,,,,,,,,,,,,,,,,,,,,34.6,35.06,,40.54,,,,27.21,39.24,35.43,46.84,,,,,,,,,,,,,,,
2009,5,笑い飯,668,68.33,668.0,95.43,9,7,627.56,627.56,89.65,,,,,,95.0,100.0,,98.0,,,,92.0,93.0,98.0,92.0,,,,,,,,,,,,,,,,,,,,,87.44444444444444,89.55555555555556,,92.77777777777777,,,,89.44444444444444,87.88888888888889,92.77777777777777,87.66666666666667,,,,,,,,,,,,,,,,,,,,,65.63,70.65,,63.08,,,,63.11,69.03,63.17,70.55,,,,,,,,,,,,,,,
2009,6,ハライチ,628,50.2,628.0,89.71,9,7,627.56,627.56,89.65,,,,,,88.0,90.0,,95.0,,,,89.0,89.0,91.0,86.0,,,,,,,,,,,,,,,,,,,,,87.44444444444444,89.55555555555556,,92.77777777777777,,,,89.44444444444444,87.88888888888889,92.77777777777777,87.66666666666667,,,,,,,,,,,,,,,,,,,,,51.15,50.88,,55.56,,,,47.72,54.14,45.52,42.09,,,,,,,,,,,,,,,
2009,7,モンスターエンジン,610,42.04,610.0,87.14,9,7,627.56,627.56,89.65,,,,,,83.0,89.0,,87.0,,,,89.0,87.0,90.0,85.0,,,,,,,,,,,,,,,,,,,,,87.44444444444444,89.55555555555556,,92.77777777777777,,,,89.44444444444444,87.88888888888889,92.77777777777777,87.66666666666667,,,,,,,,,,,,,,,,,,,,,40.8,48.9,,35.53,,,,47.72,46.69,43.0,37.35,,,,,,,,,,,,,,,
2009,8,パンクブーブー,651,60.62,651.0,93.0,9,7,627.56,627.56,89.65,,,,,,93.0,94.0,,97.0,,,,91.0,90.0,98.0,88.0,,,,,,,,,,,,,,,,,,,,,87.44444444444444,89.55555555555556,,92.77777777777777,,,,89.44444444444444,87.88888888888889,92.77777777777777,87.66666666666667,,,,,,,,,,,,,,,,,,,,,61.5,58.79,,60.57,,,,57.98,57.86,63.17,51.58,,,,,,,,,,,,,,,
2009,9,NON STYLE,641,56.09,641.0,91.57,9,7,627.56,627.56,89.65,,,,,,92.0,90.0,,95.0,,,,90.0,87.0,98.0,89.0,,,,,,,,,,,,,,,,,,,,,87.44444444444444,89.55555555555556,,92.77777777777777,,,,89.44444444444444,87.88888888888889,92.77777777777777,87.66666666666667,,,,,,,,,,,,,,,,,,,,,59.43,50.88,,55.56,,,,52.85,46.69,63.17,56.32,,,,,,,,,,,,,,,
2010,1,カナリア,592,33.76,592.0,84.57,9,7,631.11,631.11,90.16,,,,,,85.0,81.0,,80.0,,87.0,86.0,85.0,,,,88.0,,,,,,,,,,,,,,,,,,,,90.44444444444444,89.44444444444444,,89.66666666666667,,90.33333333333333,90.44444444444444,88.77777777777777,,,,92.0,,,,,,,,,,,,,,,,,,,,37.63,32.36,,34.5,,37.3,37.74,35.78,,,,35.86,,,,,,,,,,,,,,
2010,2,ジャルジャル,606,39.57,606.0,86.57,9,7,631.11,631.11,90.16,,,,,,87.0,86.0,,79.0,,89.0,88.0,87.0,,,,90.0,,,,,,,,,,,,,,,,,,,,90.44444444444444,89.44444444444444,,89.66666666666667,,90.33333333333333,90.44444444444444,88.77777777777777,,,,92.0,,,,,,,,,,,,,,,,,,,,42.17,42.8,,32.9,,44.92,43.26,43.31,,,,42.93,,,,,,,,,,,,,,
2010,3,スリムクラブ,644,55.35,644.0,92.0,9,7,631.11,631.11,90.16,,,,,,96.0,91.0,,94.0,,91.0,93.0,88.0,,,,91.0,,,,,,,,,,,,,,,,,,,,90.44444444444444,89.44444444444444,,89.66666666666667,,90.33333333333333,90.44444444444444,88.77777777777777,,,,92.0,,,,,,,,,,,,,,,,,,,,62.63,53.25,,56.95,,52.54,57.05,47.07,,,,46.46,,,,,,,,,,,,,,
2010,4,銀シャリ,627,48.29,627.0,89.57,9,7,631.11,631.11,90.16,,,,,,90.0,87.0,,92.0,,89.0,89.0,87.0,,,,93.0,,,,,,,,,,,,,,,,,,,,90.44444444444444,89.44444444444444,,89.66666666666667,,90.33333333333333,90.44444444444444,88.77777777777777,,,,92.0,,,,,,,,,,,,,,,,,,,,48.99,44.89,,53.74,,44.92,46.01,43.31,,,,53.54,,,,,,,,,,,,,,
2010,5,ナイツ,626,47.88,626.0,89.43,9,7,631.11,631.11,90.16,,,,,,88.0,92.0,,87.0,,90.0,90.0,88.0,,,,91.0,,,,,,,,,,,,,,,,,,,,90.44444444444444,89.44444444444444,,89.66666666666667,,90.33333333333333,90.44444444444444,88.77777777777777,,,,92.0,,,,,,,,,,,,,,,,,,,,44.44,55.34,,45.72,,48.73,48.77,47.07,,,,46.46,,,,,,,,,,,,,,
2010,6,笑い飯,668,65.32,668.0,95.43,9,7,631.11,631.11,90.16,,,,,,96.0,96.0,,96.0,,97.0,98.0,90.0,,,,95.0,,,,,,,,,,,,,,,,,,,,90.44444444444444,89.44444444444444,,89.66666666666667,,90.33333333333333,90.44444444444444,88.77777777777777,,,,92.0,,,,,,,,,,,,,,,,,,,,62.63,63.7,,60.16,,75.4,70.85,54.6,,,,60.61,,,,,,,,,,,,,,
2010,7,ハライチ,620,45.39,620.0,88.57,9,7,631.11,631.11,90.16,,,,,,86.0,87.0,,88.0,,90.0,89.0,90.0,,,,90.0,,,,,,,,,,,,,,,,,,,,90.44444444444444,89.44444444444444,,89.66666666666667,,90.33333333333333,90.44444444444444,88.77777777777777,,,,92.0,,,,,,,,,,,,,,,,,,,,39.9,44.89,,47.33,,48.73,46.01,54.6,,,,42.93,,,,,,,,,,,,,,
2010,8,ピース,629,49.12,629.0,89.86,9,7,631.11,631.11,90.16,,,,,,89.0,88.0,,95.0,,89.0,87.0,89.0,,,,92.0,,,,,,,,,,,,,,,,,,,,90.44444444444444,89.44444444444444,,89.66666666666667,,90.33333333333333,90.44444444444444,88.77777777777777,,,,92.0,,,,,,,,,,,,,,,,,,,,46.72,46.98,,58.55,,44.92,40.5,50.84,,,,50.0,,,,,,,,,,,,,,
2010,9,パンクブーブー,668,65.32,668.0,95.43,9,7,631.11,631.11,90.16,,,,,,97.0,97.0,,96.0,,91.0,94.0,95.0,,,,98.0,,,,,,,,,,,,,,,,,,,,90.44444444444444,89.44444444444444,,89.66666666666667,,90.33333333333333,90.44444444444444,88.77777777777777,,,,92.0,,,,,,,,,,,,,,,,,,,,64.9,65.78,,60.16,,52.54,59.81,73.41,,,,71.21,,,,,,,,,,,,,,
2015,1,メイプル超合金,796,40.75,619.11,88.44,9,9,809.67,629.74,89.96,,,,,,,,,,,,,,,,,,89.0,89.0,89.0,92.0,91.0,85.0,89.0,85.0,87.0,,,,,,,,,,,,,,,,,,,,,,,89.77777777777777,90.55555555555556,89.0,91.88888888888889,90.55555555555556,87.55555555555556,90.66666666666667,89.0,90.66666666666667,,,,,,,,,,,,,,,,,,,,,,,45.85,40.89,50.0,50.73,51.59,42.18,44.26,35.23,33.42,,,,,
2015,2,馬鹿よ貴方は,791,37.37,615.22,87.89,9,9,809.67,629.74,89.96,,,,,,,,,,,,,,,,,,90.0,90.0,83.0,93.0,89.0,83.0,90.0,85.0,88.0,,,,,,,,,,,,,,,,,,,,,,,89.77777777777777,90.55555555555556,89.0,91.88888888888889,90.55555555555556,87.55555555555556,90.66666666666667,89.0,90.66666666666667,,,,,,,,,,,,,,,,,,,,,,,51.19,46.75,32.84,57.29,44.43,36.07,47.71,35.23,37.94,,,,,
2015,3,スーパーマラドーナ,813,52.26,632.33,90.33,9,9,809.67,629.74,89.96,,,,,,,,,,,,,,,,,,90.0,93.0,88.0,91.0,89.0,90.0,93.0,87.0,92.0,,,,,,,,,,,,,,,,,,,,,,,89.77777777777777,90.55555555555556,89.0,91.88888888888889,90.55555555555556,87.55555555555556,90.66666666666667,89.0,90.66666666666667,,,,,,,,,,,,,,,,,,,,,,,51.19,64.32,47.14,44.17,44.43,57.48,58.03,42.61,56.03,,,,,
2015,4,和牛,806,47.52,626.89,89.56,9,9,809.67,629.74,89.96,,,,,,,,,,,,,,,,,,88.0,90.0,88.0,90.0,90.0,86.0,92.0,92.0,90.0,,,,,,,,,,,,,,,,,,,,,,,89.77777777777777,90.55555555555556,89.0,91.88888888888889,90.55555555555556,87.55555555555556,90.66666666666667,89.0,90.66666666666667,,,,,,,,,,,,,,,,,,,,,,,40.51,46.75,47.14,37.6,48.01,45.24,54.59,61.08,46.98,,,,,
2015,5,ジャルジャル,834,66.46,648.67,92.67,9,9,809.67,629.74,89.96,,,,,,,,,,,,,,,,,,93.0,93.0,94.0,94.0,96.0,90.0,96.0,89.0,89.0,,,,,,,,,,,,,,,,,,,,,,,89.77777777777777,90.55555555555556,89.0,91.88888888888889,90.55555555555556,87.55555555555556,90.66666666666667,89.0,90.66666666666667,,,,,,,,,,,,,,,,,,,,,,,67.21,64.32,64.3,63.86,69.49,57.48,68.35,50.0,42.46,,,,,
2015,6,銀シャリ,818,55.64,636.22,90.89,9,9,809.67,629.74,89.96,,,,,,,,,,,,,,,,,,92.0,89.0,87.0,92.0,95.0,89.0,92.0,91.0,91.0,,,,,,,,,,,,,,,,,,,,,,,89.77777777777777,90.55555555555556,89.0,91.88888888888889,90.55555555555556,87.55555555555556,90.66666666666667,89.0,90.66666666666667,,,,,,,,,,,,,,,,,,,,,,,61.87,40.89,44.28,50.73,65.91,54.42,54.59,57.39,51.51,,,,,
2015,7,ハライチ,788,35.34,612.89,87.56,9,9,809.67,629.74,89.96,,,,,,,,,,,,,,,,,,87.0,88.0,86.0,89.0,89.0,83.0,85.0,89.0,92.0,,,,,,,,,,,,,,,,,,,,,,,89.77777777777777,90.55555555555556,89.0,91.88888888888889,90.55555555555556,87.55555555555556,90.66666666666667,89.0,90.66666666666667,,,,,,,,,,,,,,,,,,,,,,,35.17,35.03,41.42,31.04,44.43,36.07,30.5,50.0,56.03,,,,,
2015,8,タイムマシーン3号,816,54.29,634.67,90.67,9,9,809.67,629.74,89.96,,,,,,,,,,,,,,,,,,88.0,91.0,94.0,93.0,88.0,89.0,90.0,90.0,93.0,,,,,,,,,,,,,,,,,,,,,,,89.77777777777777,90.55555555555556,89.0,91.88888888888889,90.55555555555556,87.55555555555556,90.66666666666667,89.0,90.66666666666667,,,,,,,,,,,,,,,,,,,,,,,40.51,52.6,64.3,57.29,40.85,54.42,47.71,53.69,60.55,,,,,
2015,9,トレンディエンジェル,825,60.37,641.67,91.67,9,9,809.67,629.74,89.96,,,,,,,,,,,,,,,,,,91.0,92.0,92.0,93.0,88.0,93.0,89.0,93.0,94.0,,,,,,,,,,,,,,,,,,,,,,,89.77777777777777,90.55555555555556,89.0,91.88888888888889,90.55555555555556,87.55555555555556,90.66666666666667,89.0,90.66666666666667,,,,,,,,,,,,,,,,,,,,,,,56.53,58.46,58.58,57.29,40.85,66.65,44.26,64.77,65.08,,,,,
2016,1,アキナ,446,46.01,624.4,89.2,9,5,450.67,630.93,90.13,,,,,,87.0,,,,,,,,92.0,89.0,,,,,,,,,,,89.0,89.0,,,,,,,,,,89.11111111111111,,,,,,,,90.44444444444444,90.66666666666667,,,,,,,,,,,90.55555555555556,89.88888888888889,,,,,,,,,,43.63,,,,,,,,54.49,45.89,,,,,,,,,,,43.88,45.04,,,,
2016,2,カミナリ,441,41.74,617.4,88.2,9,5,450.67,630.93,90.13,,,,,,89.0,,,,,,,,91.0,81.0,,,,,,,,,,,90.0,90.0,,,,,,,,,,89.11111111111111,,,,,,,,90.44444444444444,90.66666666666667,,,,,,,,,,,90.55555555555556,89.88888888888889,,,,,,,,,,49.66,,,,,,,,51.6,26.16,,,,,,,,,,,47.82,50.62,,,,
2016,3,相席スタート,436,37.46,610.4,87.2,9,5,450.67,630.93,90.13,,,,,,84.0,,,,,,,,87.0,90.0,,,,,,,,,,,88.0,87.0,,,,,,,,,,89.11111111111111,,,,,,,,90.44444444444444,90.66666666666667,,,,,,,,,,,90.55555555555556,89.88888888888889,,,,,,,,,,34.58,,,,,,,,40.07,48.36,,,,,,,,,,,39.95,33.88,,,,
2016,4,銀シャリ,470,66.52,658.0,94.0,9,5,450.67,630.93,90.13,,,,,,95.0,,,,,,,,96.0,95.0,,,,,,,,,,,91.0,93.0,,,,,,,,,,89.11111111111111,,,,,,,,90.44444444444444,90.66666666666667,,,,,,,,,,,90.55555555555556,89.88888888888889,,,,,,,,,,67.77,,,,,,,,66.02,60.69,,,,,,,,,,,51.75,67.36,,,,
2016,5,スリムクラブ,441,41.74,617.4,88.2,9,5,450.67,630.93,90.13,,,,,,90.0,,,,,,,,85.0,89.0,,,,,,,,,,,89.0,88.0,,,,,,,,,,89.11111111111111,,,,,,,,90.44444444444444,90.66666666666667,,,,,,,,,,,90.55555555555556,89.88888888888889,,,,,,,,,,52.68,,,,,,,,34.3,45.89,,,,,,,,,,,43.88,39.46,,,,
2016,6,ハライチ,446,46.01,624.4,89.2,9,5,450.67,630.93,90.13,,,,,,85.0,,,,,,,,91.0,93.0,,,,,,,,,,,88.0,89.0,,,,,,,,,,89.11111111111111,,,,,,,,90.44444444444444,90.66666666666667,,,,,,,,,,,90.55555555555556,89.88888888888889,,,,,,,,,,37.6,,,,,,,,51.6,55.75,,,,,,,,,,,39.95,45.04,,,,
2016,7,スーパーマラドーナ,459,57.12,642.6,91.8,9,5,450.67,630.93,90.13,,,,,,89.0,,,,,,,,90.0,93.0,,,,,,,,,,,95.0,92.0,,,,,,,,,,89.11111111111111,,,,,,,,90.44444444444444,90.66666666666667,,,,,,,,,,,90.55555555555556,89.88888888888889,,,,,,,,,,49.66,,,,,,,,48.72,55.75,,,,,,,,,,,67.47,61.78,,,,
2016,8,さらば青春の光,448,47.72,627.2,89.6,9,5,450.67,630.93,90.13,,,,,,90.0,,,,,,,,87.0,91.0,,,,,,,,,,,90.0,90.0,,,,,,,,,,89.11111111111111,,,,,,,,90.44444444444444,90.66666666666667,,,,,,,,,,,90.55555555555556,89.88888888888889,,,,,,,,,,52.68,,,,,,,,40.07,50.82,,,,,,,,,,,47.82,50.62,,,,
2016,9,和牛,469,65.67,656.6,93.8,9,5,450.67,630.93,90.13,,,,,,93.0,,,,,,,,95.0,95.0,,,,,,,,,,,95.0,91.0,,,,,,,,,,89.11111111111111,,,,,,,,90.44444444444444,90.66666666666667,,,,,,,,,,,90.55555555555556,89.88888888888889,,,,,,,,,,61.73,,,,,,,,63.14,60.69,,,,,,,,,,,67.47,56.2,,,,
2017,1,ゆにばーす,626,43.98,626.0,89.43,10,7,634.3,634.3,90.61,,,91.0,,,87.0,,,,,,,87.0,89.0,90.0,,,,,,,,,,,90.0,92.0,,,,,,,91.0,,,90.1,,,,,,,90.0,90.4,90.4,,,,,,,,,,,90.9,91.5,,,,,,,50.0,,,41.23,,,,,,,37.95,45.58,48.79,,,,,,,,,,,45.31,53.07,,,,
2017,2,カミナリ,618,38.17,618.0,88.29,10,7,634.3,634.3,90.61,,,90.0,,,85.0,,,,,,,86.0,87.0,90.0,,,,,,,,,,,89.0,91.0,,,,,,,91.0,,,90.1,,,,,,,90.0,90.4,90.4,,,,,,,,,,,90.9,91.5,,,,,,,43.26,,,35.57,,,,,,,33.94,39.27,48.79,,,,,,,,,,,40.11,46.93,,,,
2017,3,とろサーモン,645,57.77,645.0,92.14,10,7,634.3,634.3,90.61,,,93.0,,,92.0,,,,,,,93.0,88.0,93.0,,,,,,,,,,,93.0,93.0,,,,,,,91.0,,,90.1,,,,,,,90.0,90.4,90.4,,,,,,,,,,,90.9,91.5,,,,,,,63.48,,,55.38,,,,,,,62.05,42.43,57.9,,,,,,,,,,,60.93,59.21,,,,
2017,4,スーパーマラドーナ,640,54.14,640.0,91.43,10,7,634.3,634.3,90.61,,,91.0,,,90.0,,,,,,,91.0,94.0,89.0,,,,,,,,,,,92.0,93.0,,,,,,,91.0,,,90.1,,,,,,,90.0,90.4,90.4,,,,,,,,,,,90.9,91.5,,,,,,,50.0,,,49.72,,,,,,,54.02,61.36,45.75,,,,,,,,,,,55.73,59.21,,,,
2017,5,かまいたち,640,54.14,640.0,91.43,10,7,634.3,634.3,90.61,,,90.0,,,91.0,,,,,,,89.0,95.0,89.0,,,,,,,,,,,94.0,92.0,,,,,,,91.0,,,90.1,,,,,,,90.0,90.4,90.4,,,,,,,,,,,90.9,91.5,,,,,,,43.26,,,52.55,,,,,,,45.98,64.52,45.75,,,,,,,,,,,66.14,53.07,,,,
2017,6,マヂカルラブリー,607,30.18,607.0,86.71,10,7,634.3,634.3,90.61,,,89.0,,,84.0,,,,,,,89.0,86.0,83.0,,,,,,,,,,,88.0,88.0,,,,,,,91.0,,,90.1,,,,,,,90.0,90.4,90.4,,,,,,,,,,,90.9,91.5,,,,,,,36.52,,,32.74,,,,,,,45.98,36.11,27.52,,,,,,,,,,,34.9,28.5,,,,
2017,7,さや香,628,45.43,628.0,89.71,10,7,634.3,634.3,90.61,,,90.0,,,90.0,,,,,,,91.0,87.0,90.0,,,,,,,,,,,90.0,90.0,,,,,,,91.0,,,90.1,,,,,,,90.0,90.4,90.4,,,,,,,,,,,90.9,91.5,,,,,,,43.26,,,49.72,,,,,,,54.02,39.27,48.79,,,,,,,,,,,45.31,40.79,,,,
2017,8,ミキ,650,61.4,650.0,92.86,10,7,634.3,634.3,90.61,,,92.0,,,94.0,,,,,,,94.0,93.0,95.0,,,,,,,,,,,91.0,91.0,,,,,,,91.0,,,90.1,,,,,,,90.0,90.4,90.4,,,,,,,,,,,90.9,91.5,,,,,,,56.74,,,61.04,,,,,,,66.06,58.21,63.97,,,,,,,,,,,50.52,46.93,,,,
2017,9,和牛,653,63.57,653.0,93.29,10,7,634.3,634.3,90.61,,,94.0,,,93.0,,,,,,,92.0,92.0,95.0,,,,,,,,,,,93.0,94.0,,,,,,,91.0,,,90.1,,,,,,,90.0,90.4,90.4,,,,,,,,,,,90.9,91.5,,,,,,,70.23,,,58.21,,,,,,,58.03,55.05,63.97,,,,,,,,,,,60.93,65.36,,,,
2017,10,ジャルジャル,636,51.23,636.0,90.86,10,7,634.3,634.3,90.61,,,90.0,,,95.0,,,,,,,88.0,93.0,90.0,,,,,,,,,,,89.0,91.0,,,,,,,91.0,,,90.1,,,,,,,90.0,90.4,90.4,,,,,,,,,,,90.9,91.5,,,,,,,43.26,,,63.86,,,,,,,41.97,58.21,48.79,,,,,,,,,,,40.11,46.93,,,,
2018,1,見取り図,606,38.41,606.0,86.57,10,7,630.4,630.4,90.06,,,,,,83.0,,,,,,,,88.0,88.0,,,,,,86.0,,,,,91.0,,85.0,85.0,,,,,,,,88.2,,,,,,,,89.0,91.1,,,,,,89.1,,,,,92.0,,90.5,90.5,,,,,,,,38.12,,,,,,,,46.46,43.71,,,,,,34.67,,,,,44.73,,37.4,37.84,,
2018,2,スーパーマラドーナ,617,43.63,617.0,88.14,10,7,630.4,630.4,90.06,,,,,,85.0,,,,,,,,87.0,89.0,,,,,,89.0,,,,,90.0,,89.0,88.0,,,,,,,,88.2,,,,,,,,89.0,91.1,,,,,,89.1,,,,,92.0,,90.5,90.5,,,,,,,,42.69,,,,,,,,42.93,45.74,,,,,,49.51,,,,,39.46,,46.56,44.47,,
2018,3,かまいたち,636,52.66,636.0,90.86,10,7,630.4,630.4,90.06,,,,,,90.0,,,,,,,,89.0,94.0,,,,,,91.0,,,,,92.0,,92.0,88.0,,,,,,,,88.2,,,,,,,,89.0,91.1,,,,,,89.1,,,,,92.0,,90.5,90.5,,,,,,,,54.11,,,,,,,,50.0,55.88,,,,,,59.39,,,,,50.0,,53.44,44.47,,
2018,4,ジャルジャル,648,58.36,648.0,92.57,10,7,630.4,630.4,90.06,,,,,,92.0,,,,,,,,93.0,88.0,,,,,,90.0,,,,,93.0,,93.0,99.0,,,,,,,,88.2,,,,,,,,89.0,91.1,,,,,,89.1,,,,,92.0,,90.5,90.5,,,,,,,,58.68,,,,,,,,64.14,43.71,,,,,,54.45,,,,,55.27,,55.73,68.8,,
2018,5,ギャロップ,614,42.21,614.0,87.71,10,7,630.4,630.4,90.06,,,,,,86.0,,,,,,,,87.0,89.0,,,,,,87.0,,,,,90.0,,89.0,86.0,,,,,,,,88.2,,,,,,,,89.0,91.1,,,,,,89.1,,,,,92.0,,90.5,90.5,,,,,,,,44.97,,,,,,,,42.93,45.74,,,,,,39.62,,,,,39.46,,46.56,40.05,,
2018,6,ゆにばーす,594,32.7,594.0,84.86,10,7,630.4,630.4,90.06,,,,,,80.0,,,,,,,,84.0,84.0,,,,,,86.0,,,,,91.0,,82.0,87.0,,,,,,,,88.2,,,,,,,,89.0,91.1,,,,,,89.1,,,,,92.0,,90.5,90.5,,,,,,,,31.27,,,,,,,,32.32,35.59,,,,,,34.67,,,,,44.73,,30.53,42.26,,
2018,7,ミキ,638,53.61,638.0,91.14,10,7,630.4,630.4,90.06,,,,,,88.0,,,,,,,,90.0,98.0,,,,,,90.0,,,,,93.0,,90.0,89.0,,,,,,,,88.2,,,,,,,,89.0,91.1,,,,,,89.1,,,,,92.0,,90.5,90.5,,,,,,,,49.54,,,,,,,,53.54,64.0,,,,,,54.45,,,,,55.27,,48.85,46.68,,
2018,8,トム・ブラウン,633,51.24,633.0,90.43,10,7,630.4,630.4,90.06,,,,,,91.0,,,,,,,,87.0,86.0,,,,,,89.0,,,,,90.0,,93.0,97.0,,,,,,,,88.2,,,,,,,,89.0,91.1,,,,,,89.1,,,,,92.0,,90.5,90.5,,,,,,,,56.4,,,,,,,,42.93,39.65,,,,,,49.51,,,,,39.46,,55.73,64.37,,
2018,9,霜降り明星,662,65.02,662.0,94.57,10,7,630.4,630.4,90.06,,,,,,94.0,,,,,,,,93.0,97.0,,,,,,91.0,,,,,96.0,,98.0,93.0,,,,,,,,88.2,,,,,,,,89.0,91.1,,,,,,89.1,,,,,92.0,,90.5,90.5,,,,,,,,63.25,,,,,,,,64.14,61.97,,,,,,59.39,,,,,71.08,,67.18,55.53,,
2018,10,和牛,656,62.17,656.0,93.71,10,7,630.4,630.4,90.06,,,,,,93.0,,,,,,,,92.0,98.0,,,,,,92.0,,,,,94.0,,94.0,93.0,,,,,,,,88.2,,,,,,,,89.0,91.1,,,,,,89.1,,,,,92.0,,90.5,90.5,,,,,,,,60.97,,,,,,,,60.61,64.0,,,,,,64.34,,,,,60.54,,58.02,55.53,,
2019,1,ニューヨーク,616,32.25,616.0,88.0,10,7,645.8,645.8,92.26,,,,,,82.0,,,,,,,,87.0,90.0,,,,,,88.0,,,,,88.0,,91.0,90.0,,,,,,,,90.8,,,,,,,,92.4,93.9,,,,,,91.5,,,,,92.6,,92.6,92.0,,,,,,,,27.83,,,,,,,,27.26,31.59,,,,,,35.53,,,,,27.11,,44.9,43.74,,
2019,2,かまいたち,660,58.46,660.0,94.29,10,7,645.8,645.8,92.26,,,,,,95.0,,,,,,,,93.0,95.0,,,,,,93.0,,,,,94.0,,95.0,95.0,,,,,,,,90.8,,,,,,,,92.4,93.9,,,,,,91.5,,,,,92.6,,92.6,92.0,,,,,,,,60.58,,,,,,,,52.53,55.19,,,,,,56.2,,,,,56.97,,57.65,59.39,,
2019,3,和牛,652,53.69,652.0,93.14,10,7,645.8,645.8,92.26,,,,,,92.0,,,,,,,,92.0,92.0,,,,,,91.0,,,,,93.0,,96.0,96.0,,,,,,,,90.8,,,,,,,,92.4,93.9,,,,,,91.5,,,,,92.6,,92.6,92.0,,,,,,,,53.02,,,,,,,,48.32,41.03,,,,,,47.93,,,,,51.99,,60.84,62.52,,
2019,4,すゑひろがりず,637,44.76,637.0,91.0,10,7,645.8,645.8,92.26,,,,,,89.0,,,,,,,,92.0,92.0,,,,,,90.0,,,,,91.0,,91.0,92.0,,,,,,,,90.8,,,,,,,,92.4,93.9,,,,,,91.5,,,,,92.6,,92.6,92.0,,,,,,,,45.47,,,,,,,,48.32,41.03,,,,,,43.8,,,,,42.04,,44.9,50.0,,
2019,5,からし蓮根,639,45.95,639.0,91.29,10,7,645.8,645.8,92.26,,,,,,90.0,,,,,,,,93.0,94.0,,,,,,90.0,,,,,93.0,,90.0,89.0,,,,,,,,90.8,,,,,,,,92.4,93.9,,,,,,91.5,,,,,92.6,,92.6,92.0,,,,,,,,47.98,,,,,,,,52.53,50.47,,,,,,43.8,,,,,51.99,,41.71,40.61,,
2019,6,見取り図,649,51.91,649.0,92.71,10,7,645.8,645.8,92.26,,,,,,91.0,,,,,,,,94.0,94.0,,,,,,91.0,,,,,93.0,,92.0,94.0,,,,,,,,90.8,,,,,,,,92.4,93.9,,,,,,91.5,,,,,92.6,,92.6,92.0,,,,,,,,50.5,,,,,,,,56.74,50.47,,,,,,47.93,,,,,51.99,,48.09,56.26,,
2019,7,ミルクボーイ,681,70.96,681.0,97.29,10,7,645.8,645.8,92.26,,,,,,97.0,,,,,,,,97.0,98.0,,,,,,97.0,,,,,96.0,,99.0,97.0,,,,,,,,90.8,,,,,,,,92.4,93.9,,,,,,91.5,,,,,92.6,,92.6,92.0,,,,,,,,65.62,,,,,,,,69.37,69.35,,,,,,72.74,,,,,66.92,,70.4,65.66,,
2019,8,オズワルド,638,45.35,638.0,91.14,10,7,645.8,645.8,92.26,,,,,,90.0,,,,,,,,91.0,94.0,,,,,,91.0,,,,,94.0,,89.0,89.0,,,,,,,,90.8,,,,,,,,92.4,93.9,,,,,,91.5,,,,,92.6,,92.6,92.0,,,,,,,,47.98,,,,,,,,44.1,50.47,,,,,,47.93,,,,,56.97,,38.52,40.61,,
2019,9,インディアンス,632,41.78,632.0,90.29,10,7,645.8,645.8,92.26,,,,,,88.0,,,,,,,,92.0,94.0,,,,,,90.0,,,,,92.0,,89.0,87.0,,,,,,,,90.8,,,,,,,,92.4,93.9,,,,,,91.5,,,,,92.6,,92.6,92.0,,,,,,,,42.95,,,,,,,,48.32,50.47,,,,,,43.8,,,,,47.01,,38.52,34.34,,
2019,10,ぺこぱ,654,54.88,654.0,93.43,10,7,645.8,645.8,92.26,,,,,,94.0,,,,,,,,93.0,96.0,,,,,,94.0,,,,,92.0,,94.0,91.0,,,,,,,,90.8,,,,,,,,92.4,93.9,,,,,,91.5,,,,,92.6,,92.6,92.0,,,,,,,,58.06,,,,,,,,52.53,59.91,,,,,,60.34,,,,,47.01,,54.46,46.87,,
2020,1,インディアンス,625,41.17,625.0,89.29,10,7,636.8,636.8,90.97,,,,,,90.0,,,,,,,,89.0,93.0,,,,,,89.0,,,,,90.0,,85.0,89.0,,,,,,,,89.9,,,,,,,,88.6,93.1,,,,,,91.4,,,,,92.1,,90.5,91.2,,,,,,,,50.34,,,,,,,,52.37,49.04,,,,,,36.24,,,,,41.49,,36.83,42.39,,
2020,2,東京ホテイソン,617,35.18,617.0,88.14,10,7,636.8,636.8,90.97,,,,,,86.0,,,,,,,,86.0,92.0,,,,,,91.0,,,,,88.0,,85.0,89.0,,,,,,,,89.9,,,,,,,,88.6,93.1,,,,,,91.4,,,,,92.1,,90.5,91.2,,,,,,,,36.62,,,,,,,,34.57,39.46,,,,,,47.71,,,,,33.39,,36.83,42.39,,
2020,3,ニューヨーク,642,53.89,642.0,91.71,10,7,636.8,636.8,90.97,,,,,,92.0,,,,,,,,88.0,94.0,,,,,,93.0,,,,,91.0,,93.0,91.0,,,,,,,,89.9,,,,,,,,88.6,93.1,,,,,,91.4,,,,,92.1,,90.5,91.2,,,,,,,,57.21,,,,,,,,46.44,58.62,,,,,,59.18,,,,,45.54,,55.98,49.31,,
2020,4,見取り図,648,58.38,648.0,92.57,10,7,636.8,636.8,90.97,,,,,,91.0,,,,,,,,91.0,95.0,,,,,,92.0,,,,,93.0,,93.0,93.0,,,,,,,,89.9,,,,,,,,88.6,93.1,,,,,,91.4,,,,,92.1,,90.5,91.2,,,,,,,,53.78,,,,,,,,64.24,68.2,,,,,,53.44,,,,,53.65,,55.98,56.23,,
2020,5,おいでやすこが,658,65.87,658.0,94.0,10,7,636.8,636.8,90.97,,,,,,95.0,,,,,,,,92.0,94.0,,,,,,93.0,,,,,95.0,,93.0,96.0,,,,,,,,89.9,,,,,,,,88.6,93.1,,,,,,91.4,,,,,92.1,,90.5,91.2,,,,,,,,67.5,,,,,,,,70.18,58.62,,,,,,59.18,,,,,61.75,,55.98,66.6,,
2020,6,マヂカルラブリー,649,59.13,649.0,92.71,10,7,636.8,636.8,90.97,,,,,,93.0,,,,,,,,88.0,94.0,,,,,,94.0,,,,,96.0,,94.0,90.0,,,,,,,,89.9,,,,,,,,88.6,93.1,,,,,,91.4,,,,,92.1,,90.5,91.2,,,,,,,,60.64,,,,,,,,46.44,58.62,,,,,,64.91,,,,,65.8,,58.38,45.85,,
2020,7,オズワルド,642,53.89,642.0,91.71,10,7,636.8,636.8,90.97,,,,,,88.0,,,,,,,,88.0,92.0,,,,,,91.0,,,,,95.0,,95.0,93.0,,,,,,,,89.9,,,,,,,,88.6,93.1,,,,,,91.4,,,,,92.1,,90.5,91.2,,,,,,,,43.48,,,,,,,,46.44,39.46,,,,,,47.71,,,,,61.75,,60.77,56.23,,
2020,8,アキナ,622,38.92,622.0,88.86,10,7,636.8,636.8,90.97,,,,,,85.0,,,,,,,,89.0,92.0,,,,,,88.0,,,,,91.0,,87.0,90.0,,,,,,,,89.9,,,,,,,,88.6,93.1,,,,,,91.4,,,,,92.1,,90.5,91.2,,,,,,,,33.18,,,,,,,,52.37,39.46,,,,,,30.5,,,,,45.54,,41.62,45.85,,
2020,9,錦鯉,643,54.64,643.0,91.86,10,7,636.8,636.8,90.97,,,,,,89.0,,,,,,,,87.0,93.0,,,,,,92.0,,,,,92.0,,95.0,95.0,,,,,,,,89.9,,,,,,,,88.6,93.1,,,,,,91.4,,,,,92.1,,90.5,91.2,,,,,,,,46.91,,,,,,,,40.51,49.04,,,,,,53.44,,,,,49.59,,60.77,63.14,,
2020,10,ウエストランド,622,38.92,622.0,88.86,10,7,636.8,636.8,90.97,,,,,,90.0,,,,,,,,88.0,92.0,,,,,,91.0,,,,,90.0,,85.0,86.0,,,,,,,,89.9,,,,,,,,88.6,93.1,,,,,,91.4,,,,,92.1,,90.5,91.2,,,,,,,,50.34,,,,,,,,46.44,39.46,,,,,,47.71,,,,,41.49,,36.83,32.02,,
2021,1,モグライダー,637,42.9,637.0,91.0,10,7,644.6,644.6,92.09,,,,,,89.0,,,,,,,,91.0,93.0,,,,,,93.0,,,,,90.0,,92.0,89.0,,,,,,,,91.2,,,,,,,,90.3,93.4,,,,,,91.5,,,,,93.1,,92.0,93.1,,,,,,,,41.66,,,,,,,,53.5,48.81,,,,,,58.08,,,,,38.19,,50.0,34.6,,
2021,2,ランジャタイ,628,34.5,628.0,89.71,10,7,644.6,644.6,92.09,,,,,,87.0,,,,,,,,87.0,88.0,,,,,,91.0,,,,,89.0,,90.0,96.0,,,,,,,,91.2,,,,,,,,90.3,93.4,,,,,,91.5,,,,,93.1,,92.0,93.1,,,,,,,,34.08,,,,,,,,33.52,33.89,,,,,,47.31,,,,,34.38,,38.45,60.89,,
2021,3,ゆにばーす,638,43.84,638.0,91.14,10,7,644.6,644.6,92.09,,,,,,88.0,,,,,,,,89.0,94.0,,,,,,92.0,,,,,93.0,,91.0,91.0,,,,,,,,91.2,,,,,,,,90.3,93.4,,,,,,91.5,,,,,93.1,,92.0,93.1,,,,,,,,37.87,,,,,,,,43.51,51.79,,,,,,52.69,,,,,49.62,,44.23,42.11,,
2021,4,ハライチ,636,41.97,636.0,90.86,10,7,644.6,644.6,92.09,,,,,,92.0,,,,,,,,88.0,98.0,,,,,,90.0,,,,,89.0,,89.0,90.0,,,,,,,,91.2,,,,,,,,90.3,93.4,,,,,,91.5,,,,,93.1,,92.0,93.1,,,,,,,,53.03,,,,,,,,38.51,63.72,,,,,,41.92,,,,,34.38,,32.68,38.36,,
2021,5,真空ジェシカ,638,43.84,638.0,91.14,10,7,644.6,644.6,92.09,,,,,,90.0,,,,,,,,90.0,89.0,,,,,,89.0,,,,,94.0,,92.0,94.0,,,,,,,,91.2,,,,,,,,90.3,93.4,,,,,,91.5,,,,,93.1,,92.0,93.1,,,,,,,,45.45,,,,,,,,48.5,36.88,,,,,,36.54,,,,,53.43,,50.0,53.38,,
2021,6,オズワルド,665,69.05,665.0,95.0,10,7,644.6,644.6,92.09,,,,,,96.0,,,,,,,,94.0,93.0,,,,,,95.0,,,,,96.0,,95.0,96.0,,,,,,,,91.2,,,,,,,,90.3,93.4,,,,,,91.5,,,,,93.1,,92.0,93.1,,,,,,,,68.19,,,,,,,,68.48,48.81,,,,,,68.84,,,,,61.05,,67.32,60.89,,
2021,7,ロングコートダディ,649,54.11,649.0,92.71,10,7,644.6,644.6,92.09,,,,,,91.0,,,,,,,,89.0,96.0,,,,,,90.0,,,,,95.0,,93.0,95.0,,,,,,,,91.2,,,,,,,,90.3,93.4,,,,,,91.5,,,,,93.1,,92.0,93.1,,,,,,,,49.24,,,,,,,,43.51,57.76,,,,,,41.92,,,,,57.24,,55.77,57.14,,
2021,8,錦鯉,655,59.71,655.0,93.57,10,7,644.6,644.6,92.09,,,,,,94.0,,,,,,,,92.0,95.0,,,,,,94.0,,,,,96.0,,94.0,90.0,,,,,,,,91.2,,,,,,,,90.3,93.4,,,,,,91.5,,,,,93.1,,92.0,93.1,,,,,,,,60.61,,,,,,,,58.49,54.77,,,,,,63.46,,,,,61.05,,61.55,38.36,,
2021,9,インディアンス,655,59.71,655.0,93.57,10,7,644.6,644.6,92.09,,,,,,93.0,,,,,,,,92.0,98.0,,,,,,91.0,,,,,94.0,,93.0,94.0,,,,,,,,91.2,,,,,,,,90.3,93.4,,,,,,91.5,,,,,93.1,,92.0,93.1,,,,,,,,56.82,,,,,,,,58.49,63.72,,,,,,47.31,,,,,53.43,,55.77,53.38,,
2021,10,もも,645,50.37,645.0,92.14,10,7,644.6,644.6,92.09,,,,,,92.0,,,,,,,,91.0,90.0,,,,,,90.0,,,,,95.0,,91.0,96.0,,,,,,,,91.2,,,,,,,,90.3,93.4,,,,,,91.5,,,,,93.1,,92.0,93.1,,,,,,,,53.03,,,,,,,,53.5,39.86,,,,,,41.92,,,,,57.24,,44.23,60.89,,
2022,1,カベポスター,634,43.8,634.0,90.57,10,7,643.9,643.9,91.99,,,,,,90.0,,,,,,,,,,,,,,,93.0,,,,,92.0,94.0,92.0,89.0,84.0,,,,,,,91.2,,,,,,,,,,,,,,,92.6,,,,,93.1,92.2,92.0,93.5,89.3,,,,,,,46.31,,,,,,,,,,,,,,,51.45,,,,,45.98,60.13,50.0,36.7,35.19,
2022,2,真空ジェシカ,647,51.94,647.0,92.43,10,7,643.9,643.9,91.99,,,,,,88.0,,,,,,,,,,,,,,,92.0,,,,,94.0,92.0,92.0,94.0,95.0,,,,,,,91.2,,,,,,,,,,,,,,,92.6,,,,,93.1,92.2,92.0,93.5,89.3,,,,,,,40.15,,,,,,,,,,,,,,,47.83,,,,,53.29,48.87,50.0,51.48,65.93,
2022,3,オズワルド,639,46.93,639.0,91.29,10,7,643.9,643.9,91.99,,,,,,92.0,,,,,,,,,,,,,,,90.0,,,,,92.0,93.0,90.0,95.0,87.0,,,,,,,91.2,,,,,,,,,,,,,,,92.6,,,,,93.1,92.2,92.0,93.5,89.3,,,,,,,52.46,,,,,,,,,,,,,,,40.59,,,,,45.98,54.5,42.22,54.43,43.57,
2022,4,ロングコートダディ,660,60.08,660.0,94.29,10,7,643.9,643.9,91.99,,,,,,93.0,,,,,,,,,,,,,,,96.0,,,,,95.0,92.0,94.0,96.0,94.0,,,,,,,91.2,,,,,,,,,,,,,,,92.6,,,,,93.1,92.2,92.0,93.5,89.3,,,,,,,55.54,,,,,,,,,,,,,,,62.3,,,,,56.94,48.87,57.78,57.39,63.13,
2022,5,さや香,667,64.47,667.0,95.29,10,7,643.9,643.9,91.99,,,,,,95.0,,,,,,,,,,,,,,,97.0,,,,,97.0,96.0,95.0,95.0,92.0,,,,,,,91.2,,,,,,,,,,,,,,,92.6,,,,,93.1,92.2,92.0,93.5,89.3,,,,,,,61.69,,,,,,,,,,,,,,,65.92,,,,,64.25,71.38,61.68,54.43,57.54,
2022,6,男性ブランコ,650,53.82,650.0,92.86,10,7,643.9,643.9,91.99,,,,,,96.0,,,,,,,,,,,,,,,95.0,,,,,96.0,91.0,92.0,94.0,86.0,,,,,,,91.2,,,,,,,,,,,,,,,92.6,,,,,93.1,92.2,92.0,93.5,89.3,,,,,,,64.77,,,,,,,,,,,,,,,58.68,,,,,60.6,43.25,50.0,51.48,40.78,
2022,7,ダイヤモンド,616,32.52,616.0,88.0,10,7,643.9,643.9,91.99,,,,,,87.0,,,,,,,,,,,,,,,88.0,,,,,89.0,90.0,88.0,88.0,86.0,,,,,,,91.2,,,,,,,,,,,,,,,92.6,,,,,93.1,92.2,92.0,93.5,89.3,,,,,,,37.08,,,,,,,,,,,,,,,33.36,,,,,35.02,37.62,34.43,33.75,40.78,
2022,8,ヨネダ2000,647,51.94,647.0,92.43,10,7,643.9,643.9,91.99,,,,,,91.0,,,,,,,,,,,,,,,91.0,,,,,90.0,91.0,96.0,97.0,91.0,,,,,,,91.2,,,,,,,,,,,,,,,92.6,,,,,93.1,92.2,92.0,93.5,89.3,,,,,,,49.38,,,,,,,,,,,,,,,44.21,,,,,38.67,43.25,65.57,60.34,54.75,
2022,9,キュウ,620,35.03,620.0,88.57,10,7,643.9,643.9,91.99,,,,,,86.0,,,,,,,,,,,,,,,90.0,,,,,90.0,90.0,88.0,89.0,87.0,,,,,,,91.2,,,,,,,,,,,,,,,92.6,,,,,93.1,92.2,92.0,93.5,89.3,,,,,,,34.0,,,,,,,,,,,,,,,40.59,,,,,38.67,37.62,34.43,36.7,43.57,
2022,10,ウエストランド,659,59.46,659.0,94.14,10,7,643.9,643.9,91.99,,,,,,94.0,,,,,,,,,,,,,,,94.0,,,,,96.0,93.0,93.0,98.0,91.0,,,,,,,91.2,,,,,,,,,,,,,,,92.6,,,,,93.1,92.2,92.0,93.5,89.3,,,,,,,58.62,,,,,,,,,,,,,,,55.07,,,,,60.6,54.5,53.89,63.3,54.75,
2023,1,令和ロマン,648,56.97,648.0,92.57,10,7,639.6,639.6,91.37,,,,,,90.0,,,,,,,,,,,,,,,94.0,,,,,94.0,91.0,93.0,,92.0,94.0,,,,,,89.5,,,,,,,,,,,,,,,92.5,,,,,91.7,90.3,91.3,,91.5,92.8,,,,,,52.32,,,,,,,,,,,,,,,55.22,,,,,64.82,52.9,62.64,,51.56,55.18
2023,2,シシガシラ,627,39.54,627.0,89.57,10,7,639.6,639.6,91.37,,,,,,88.0,,,,,,,,,,,,,,,91.0,,,,,91.0,88.0,90.0,,87.0,92.0,,,,,,89.5,,,,,,,,,,,,,,,92.5,,,,,91.7,90.3,91.3,,91.5,92.8,,,,,,43.04,,,,,,,,,,,,,,,44.78,,,,,45.49,40.46,40.34,,35.94,46.54
2023,3,さや香,659,66.1,659.0,94.14,10,7,639.6,639.6,91.37,,,,,,89.0,,,,,,,,,,,,,,,95.0,,,,,94.0,94.0,93.0,,98.0,96.0,,,,,,89.5,,,,,,,,,,,,,,,92.5,,,,,91.7,90.3,91.3,,91.5,92.8,,,,,,47.68,,,,,,,,,,,,,,,58.7,,,,,64.82,65.35,62.64,,70.3,63.82
2023,4,カベポスター,635,46.18,635.0,90.71,10,7,639.6,639.6,91.37,,,,,,88.0,,,,,,,,,,,,,,,88.0,,,,,92.0,89.0,89.0,,94.0,95.0,,,,,,89.5,,,,,,,,,,,,,,,92.5,,,,,91.7,90.3,91.3,,91.5,92.8,,,,,,43.04,,,,,,,,,,,,,,,34.33,,,,,51.93,44.61,32.9,,57.81,59.5
2023,5,マユリカ,645,54.48,645.0,92.14,10,7,639.6,639.6,91.37,,,,,,91.0,,,,,,,,,,,,,,,96.0,,,,,92.0,90.0,92.0,,92.0,92.0,,,,,,89.5,,,,,,,,,,,,,,,92.5,,,,,91.7,90.3,91.3,,91.5,92.8,,,,,,56.96,,,,,,,,,,,,,,,62.19,,,,,51.93,48.76,55.2,,51.56,46.54
2023,6,ヤーレンズ,656,63.61,656.0,93.71,10,7,639.6,639.6,91.37,,,,,,93.0,,,,,,,,,,,,,,,97.0,,,,,93.0,91.0,93.0,,93.0,96.0,,,,,,89.5,,,,,,,,,,,,,,,92.5,,,,,91.7,90.3,91.3,,91.5,92.8,,,,,,66.23,,,,,,,,,,,,,,,65.67,,,,,58.37,52.9,62.64,,54.69,63.82
2023,7,真空ジェシカ,643,52.82,643.0,91.86,10,7,639.6,639.6,91.37,,,,,,92.0,,,,,,,,,,,,,,,93.0,,,,,91.0,95.0,91.0,,90.0,91.0,,,,,,89.5,,,,,,,,,,,,,,,92.5,,,,,91.7,90.3,91.3,,91.5,92.8,,,,,,61.59,,,,,,,,,,,,,,,51.74,,,,,45.49,69.5,47.77,,45.31,42.23
2023,8,ダンビラムーチョ,631,42.86,631.0,90.14,10,7,639.6,639.6,91.37,,,,,,87.0,,,,,,,,,,,,,,,92.0,,,,,89.0,89.0,91.0,,93.0,90.0,,,,,,89.5,,,,,,,,,,,,,,,92.5,,,,,91.7,90.3,91.3,,91.5,92.8,,,,,,38.41,,,,,,,,,,,,,,,48.26,,,,,32.61,44.61,47.77,,54.69,37.91
2023,9,くらげ,620,33.74,620.0,88.57,10,7,639.6,639.6,91.37,,,,,,86.0,,,,,,,,,,,,,,,89.0,,,,,90.0,87.0,90.0,,89.0,89.0,,,,,,89.5,,,,,,,,,,,,,,,92.5,,,,,91.7,90.3,91.3,,91.5,92.8,,,,,,33.77,,,,,,,,,,,,,,,37.81,,,,,39.05,36.31,40.34,,42.19,33.59
2023,10,モグライダー,632,43.69,632.0,90.29,10,7,639.6,639.6,91.37,,,,,,91.0,,,,,,,,,,,,,,,90.0,,,,,91.0,89.0,91.0,,87.0,93.0,,,,,,89.5,,,,,,,,,,,,,,,92.5,,,,,91.7,90.3,91.3,,91.5,92.8,,,,,,56.96,,,,,,,,,,,,,,,41.3,,,,,45.49,44.61,47.77,,35.94,50.86
